"INDICATOR","HFA_589"

"HFA_589","Number of abortions, age under 20 years"

"UNIT_TYPE","Unit"
"NUM_PROC","number of procedures"

"EXTERNID","ID in the originating data source"

"DATA_SOURCE","Data source"
"HFA","European Health for All database"

"DATA_TYPE_REPRESENTATION","Data type representation"
"COUNT","Count"

"DATA_SET","Data set"
"HFA","European Health for All database (WHO)"

"DATA_MASK","Mask for controlling the output format of values"

"SEX","Sex"
"FEMALE","Female"
"MALE","Male"
"ALL","All"

"COUNTRY","COUNTRY_GRP","SEX","YEAR","VALUE"
"HRV","","ALL","2009","378"
"DNK","","ALL","2002","1915"
"HRV","","ALL","2003","494"
"GEO","","ALL","1993","2944"
"MDA","","ALL","2010","1361"
"FIN","","ALL","2006","2239"
"FRA","","ALL","1995","21433.81"
"ISR","","ALL","1994","2217"
"MKD","","ALL","2015","217"
"FIN","","ALL","2008","2084"
"GEO","","ALL","1994","3372"
"EST","","ALL","2002","1432"
"SVN","","ALL","2015","208"
"LTU","","ALL","2001","1010"
"MDA","","ALL","2009","1518"
"FRA","","ALL","1992","22500.5"
"ISR","","ALL","1988","1891"
"MDA","","ALL","2003","1875"
"EST","","ALL","1994","2290"
"HRV","","ALL","2000","423"
"ISR","","ALL","1993","2116"
"EST","","ALL","2005","1357"
"FRA","","ALL","1994","21610.86"
"LTU","","ALL","2000","1166"
"SVN","","ALL","2011","309"
"GEO","","ALL","1991","5947"
"CHE","","ALL","2012","984"
"ROU","","ALL","2002","19931"
"ALB","","ALL","1995","864"
"FIN","","ALL","2001","2490"
"NOR","","ALL","2009","2477"
"FIN","","ALL","1998","2094"
"ITA","","ALL","2014","7480"
"ALB","","ALL","1997","458"
"SVN","","ALL","2010","338"
"BGR","","ALL","1999","7241"
"MDA","","ALL","2005","1569"
"DNK","","ALL","1999","1888"
"HRV","","ALL","2006","414"
"ALB","","ALL","1985","389"
"GEO","","ALL","1992","4028"
"NLD","","ALL","2006","3587"
"ALB","","ALL","1993","1006"
"HUN","","ALL","2010","5020"
"TKM","","ALL","1995","2218"
"MNE","","ALL","2009","31"
"HRV","","ALL","2007","423"
"GBR","","ALL","2003","41317"
"HRV","","ALL","2002","482"
"UZB","","ALL","1999","3631"
"HRV","","ALL","2008","358"
"AZE","","ALL","2009","1251"
"BGR","","ALL","1998","8925"
"BGR","","ALL","1994","10890"
"AZE","","ALL","2006","1014"
"UZB","","ALL","2001","2725"
"HRV","","ALL","2001","453"
"ALB","","ALL","1992","746"
"FIN","","ALL","2000","2406"
"FIN","","ALL","2009","2111"
"MNE","","ALL","1999","76"
"EST","","ALL","2004","1452"
"UKR","","ALL","2003","26265"
"HRV","","ALL","1998","534"
"UZB","","ALL","2006","2146"
"ROU","","ALL","1987","8263"
"ROU","","ALL","2012","8023"
"BGR","","ALL","1995","11082"
"EST","","ALL","2006","1319"
"NLD","","ALL","2008","3502"
"UZB","","ALL","2005","2128"
"HRV","","ALL","2004","400"
"DNK","","ALL","1998","2065"
"MDA","","ALL","2004","1615"
"UZB","","ALL","2003","2671"
"SVN","","ALL","2005","464"
"EST","","ALL","1995","2128"
"LVA","","ALL","2009","800"
"EST","","ALL","2001","1581"
"UZB","","ALL","2002","2645"
"MDA","","ALL","2002","1746"
"AZE","","ALL","2010","1165"
"UZB","","ALL","2004","2299"
"SRB","","ALL","2012","838"
"MDA","","ALL","2008","1353"
"FRA","","ALL","1993","22021.71"
"ALB","","ALL","1994","653"
"FIN","","ALL","1995","1766"
"BLR","","ALL","2013","1857"
"NLD","","ALL","2007","3626"
"MLT","","ALL","2014","0"
"AZE","","ALL","2014","1161"
"UZB","","ALL","1997","5368"
"GBR","","ALL","2007","47528"
"MNE","","ALL","1997","90"
"MDA","","ALL","2014","1031"
"ROU","","ALL","2009","12570"
"HUN","","ALL","2009","5337"
"FIN","","ALL","1999","2282"
"EST","","ALL","1998","2027"
"HRV","","ALL","2005","355"
"UZB","","ALL","1998","4390"
"SWE","","ALL","1999","4673"
"SVK","","ALL","1996","2257"
"ROU","","ALL","2003","20357"
"TKM","","ALL","1996","1851"
"LTU","","ALL","2002","863"
"SVK","","ALL","1995","2592"
"MDA","","ALL","2012","1392"
"LTU","","ALL","2014","367"
"HUN","","ALL","1997","10797"
"HUN","","ALL","2011","4709"
"HRV","","ALL","1993","1148"
"MDA","","ALL","2007","1428"
"BGR","","ALL","2006","3656"
"MNE","","ALL","1998","63"
"EST","","ALL","2008","1096"
"DNK","","ALL","2000","1953"
"CZE","","ALL","2015","1371"
"GBR","","ALL","2014","29465"
"AZE","","ALL","1999","659"
"FIN","","ALL","2004","2457"
"AZE","","ALL","2005","822"
"GEO","","ALL","2015","1011"
"ROU","","ALL","2000","20127"
"SVK","","ALL","1993","4275"
"EST","","ALL","2000","1651"
"EST","","ALL","2003","1483"
"FIN","","ALL","1994","1710"
"ALB","","ALL","1991","811"
"ALB","","ALL","1990","695"
"BGR","","ALL","2005","3890"
"BGR","","ALL","2000","6102"
"MDA","","ALL","2006","1410"
"GBR","","ALL","2005","42422"
"EST","","ALL","2007","1295"
"MKD","","ALL","2009","234"
"NLD","","ALL","2005","3707"
"","CIS","ALL","2013","68394"
"FIN","","ALL","1988","2550"
"BGR","","ALL","1989","12052"
"FRA","","ALL","1991","23781.23"
"EST","","ALL","2011","652"
"DNK","","ALL","2001","1924"
"ROU","","ALL","1999","20993"
"SWE","","ALL","1994","4477"
"LTU","","ALL","1991","2011"
"MKD","","ALL","1984","1082"
"BGR","","ALL","2008","3901"
"AZE","","ALL","2003","809"
"EST","","ALL","1993","2672"
"EST","","ALL","1992","2956"
"FIN","","ALL","1996","1818"
"SVN","","ALL","2004","511"
"LVA","","ALL","2010","676"
"HRV","","ALL","1999","451"
"FRA","","ALL","2015","22335"
"NLD","","ALL","1993","2060"
"","CARINFONET","ALL","2009","9044"
"FIN","","ALL","1992","1905"
"GBR","","ALL","2015","28105"
"LTU","","ALL","1993","739"
"ROU","","ALL","1988","7230"
"AZE","","ALL","2007","1100"
"PRT","","ALL","2013","1944"
"HRV","","ALL","1983","2427"
"DNK","","ALL","2014","2051"
"MNE","","ALL","2011","25"
"ISR","","ALL","1991","2045"
"MNE","","ALL","2004","31"
"ARM","","ALL","2000","679"
"SWE","","ALL","1997","4374"
"DNK","","ALL","1994","2467"
"CZE","","ALL","2009","2282"
"MKD","","ALL","2002","261"
"BLR","","ALL","2010","2649"
"GBR","","ALL","1999","39635"
"AZE","","ALL","2000","572"
"UKR","","ALL","2004","22710"
"EST","","ALL","1999","1891"
"EST","","ALL","1996","2079"
"HRV","","ALL","1984","2343"
"HRV","","ALL","1996","703"
"UZB","","ALL","2000","3189"
"ITA","","ALL","2003","9980"
"HUN","","ALL","1996","11661"
"SRB","","ALL","2013","789"
"BLR","","ALL","2008","3930"
"NLD","","ALL","1994","2144"
"MDA","","ALL","1999","2920"
"MKD","","ALL","2011","197"
"BGR","","ALL","1993","12426"
"HRV","","ALL","1997","592"
"BGR","","ALL","1990","14344"
"MNE","","ALL","2007","45"
"FIN","","ALL","1986","3236"
"EST","","ALL","1997","2074"
"HRV","","ALL","2012","297"
"LVA","","ALL","2015","244"
"BGR","","ALL","1992","14024"
"ITA","","ALL","2007","10932"
"BLR","","ALL","2011","2250"
"ROU","","ALL","2004","20036"
"MDA","","ALL","2001","1695"
"SVK","","ALL","1992","4239"
"ROU","","ALL","2001","21305"
"MNE","","ALL","2003","41"
"HUN","","ALL","1991","13440"
"MDA","","ALL","1997","3807"
"DEU","","ALL","1993","16134"
"NLD","","ALL","1998","2680"
"MDA","","ALL","1993","6675"
"ROU","","ALL","1998","21444"
"MNE","","ALL","2015","35"
"FIN","","ALL","1987","2795"
"LTU","","ALL","1996","1788"
"LTU","","ALL","1992","1135"
"NLD","","ALL","2009","3568"
"AZE","","ALL","2002","868"
"AZE","","ALL","2008","1394"
"UZB","","ALL","2014","1312"
"SVN","","ALL","2006","435"
"AZE","","ALL","1994","696"
"","CARINFONET","ALL","2014","6716"
"GBR","","ALL","2006","44750"
"ITA","","ALL","2000","11070"
"ESP","","ALL","1997","7189"
"DNK","","ALL","1991","2944"
"UZB","","ALL","2007","2337"
"NOR","","ALL","2011","1996"
"GBR","","ALL","2000","39850"
"AZE","","ALL","2001","912"
"EST","","ALL","2013","526"
"HRV","","ALL","1985","2277"
"SVK","","ALL","1991","4086"
"AZE","","ALL","2004","725"
"HRV","","ALL","1981","2792"
"ITA","","ALL","2004","11156"
"EST","","ALL","2009","875"
"ISL","","ALL","2015","135"
"MKD","","ALL","2007","228"
"FRA","","ALL","1990","22987.21"
"CZE","","ALL","1985","6587"
"ROU","","ALL","2005","19166"
"FIN","","ALL","1981","3321"
"BGR","","ALL","1996","11417"
"FIN","","ALL","1997","1913"
"MNE","","ALL","2006","35"
"ISR","","ALL","2014","1939"
"AZE","","ALL","1997","630"
"AZE","","ALL","1992","715"
"HRV","","ALL","1992","861"
"MKD","","ALL","1988","1060"
"","CIS","ALL","2010","93546"
"HUN","","ALL","1995","13034"
"DEU","","ALL","2001","17149"
"ITA","","ALL","1986","14622"
"BLR","","ALL","2005","6150"
"MDA","","ALL","1992","6968"
"TJK","","ALL","2013","446"
"GBR","","ALL","1996","35461"
"TJK","","ALL","2014","1043"
"BGR","","ALL","1991","12724"
"MKD","","ALL","2008","146"
"LTU","","ALL","1995","1675"
"AZE","","ALL","1996","605"
"DEU","","ALL","2013","9588"
"SWE","","ALL","1998","4533"
"BLR","","ALL","2000","10763"
"ALB","","ALL","1996","575"
"NOR","","ALL","2010","2209"
"MKD","","ALL","2010","183"
"KAZ","","ALL","2012","2727"
"NLD","","ALL","2011","3836"
"ROU","","ALL","1989","6895"
"PRT","","ALL","2012","2114"
"","CARINFONET","ALL","2013","6303"
"MKD","","ALL","2003","261"
"BGR","","ALL","2012","2744"
"BLR","","ALL","2006","5759"
"ITA","","ALL","1998","11118"
"HUN","","ALL","2008","5363"
"SRB","","ALL","2011","801"
"BLR","","ALL","2007","4369"
"GEO","","ALL","2010","1444"
"LTU","","ALL","1997","1536"
"KAZ","","ALL","2006","6094"
"ROU","","ALL","1984","6793"
"HUN","","ALL","2015","4233"
"BGR","","ALL","1988","12331"
"EST","","ALL","2012","573"
"ARM","","ALL","1999","694"
"ITA","","ALL","2005","10528"
"DNK","","ALL","1996","2330"
"DNK","","ALL","1997","2179"
"NLD","","ALL","1995","2261"
"DEU","","ALL","1999","14226"
"FRA","","ALL","1999","26563.26"
"AZE","","ALL","2015","1475"
"GEO","","ALL","2000","788"
"FIN","","ALL","1983","3860"
"EST","","ALL","2010","729"
"GBR","","ALL","2009","43300"
"MKD","","ALL","2006","214"
"NLD","","ALL","2004","3870"
"LTU","","ALL","1999","1257"
"CZE","","ALL","1994","6496"
"CZE","","ALL","2008","2469"
"DNK","","ALL","1992","2770"
"ITA","","ALL","1985","16129"
"KAZ","","ALL","2009","4054"
"DNK","","ALL","1990","3100"
"ISL","","ALL","1980","116"
"SVK","","ALL","2005","1144"
"GEO","","ALL","2011","1415"
"GEO","","ALL","2013","1439"
"SVK","","ALL","2014","578"
"ROU","","ALL","1997","26733"
"NLD","","ALL","2003","4120"
"UZB","","ALL","2013","1229"
"ARM","","ALL","2007","548"
"DEU","","ALL","1992","16159"
"AZE","","ALL","2011","1204"
"ESP","","ALL","2009","13967"
"CZE","","ALL","2010","2041"
"UKR","","ALL","2010","8076"
"BGR","","ALL","1997","10638"
"FIN","","ALL","2005","2337"
"SVN","","ALL","2007","418"
"TKM","","ALL","2012","1067"
"MDA","","ALL","1996","4433"
"ROU","","ALL","1995","39575"
"BGR","","ALL","1987","10597"
"TKM","","ALL","2003","1559"
"ARM","","ALL","2005","559"
"BLR","","ALL","2009","3194"
"FIN","","ALL","1985","3562"
"SWE","","ALL","1993","4839"
"LTU","","ALL","2015","319"
"NLD","","ALL","1992","2117"
"KAZ","","ALL","2007","6000"
"GBR","","ALL","2001","40087"
"MNE","","ALL","2005","28"
"SVN","","ALL","1987","1299"
"ROU","","ALL","1980","9564"
"ARM","","ALL","2001","1037"
"DNK","","ALL","1993","2665"
"ITA","","ALL","1992","11761"
"MKD","","ALL","1987","1030"
"ITA","","ALL","2008","10290"
"HUN","","ALL","1994","13454"
"NLD","","ALL","1997","2376"
"BLR","","ALL","1999","12985"
"HUN","","ALL","1999","8569"
"BGR","","ALL","2009","3414"
"ISL","","ALL","1982","153"
"CZE","","ALL","1981","5125"
"AZE","","ALL","1995","1014"
"ITA","","ALL","2006","10738"
"DEU","","ALL","1994","15017"
"SWE","","ALL","1987","5925"
"TJK","","ALL","2009","515"
"BLR","","ALL","2001","9064"
"SWE","","ALL","1995","4195"
"GBR","","ALL","1998","40356"
"HRV","","ALL","1982","2685"
"MNE","","ALL","2010","48"
"MNE","","ALL","2002","55"
"UKR","","ALL","2008","12286"
"SVK","","ALL","2004","1253"
"CZE","","ALL","1982","5467"
"ARM","","ALL","2004","616"
"ROU","","ALL","1994","37809"
"ITA","","ALL","2001","10693"
"SRB","","ALL","2014","693"
"CZE","","ALL","1993","8628"
"MKD","","ALL","1985","1276"
"ESP","","ALL","1999","8669"
"FIN","","ALL","1980","3618"
"KGZ","","ALL","2001","1408"
"ROU","","ALL","1986","8212"
"SVN","","ALL","2008","420"
"AZE","","ALL","1993","944"
"SVN","","ALL","1988","1128"
"ROU","","ALL","1982","10906"
"HRV","","ALL","1995","747"
"ESP","","ALL","2012","13725"
"ARM","","ALL","2006","531"
"ESP","","ALL","2014","10330"
"ROU","","ALL","2010","10340"
"BLR","","ALL","1997","14013"
"CZE","","ALL","1992","10732"
"NLD","","ALL","1990","2151"
"DEU","","ALL","1991","17481"
"CZE","","ALL","1973","4968"
"FIN","","ALL","1982","3305"
"GBR","","ALL","2002","39644"
"ROU","","ALL","1991","50688"
"ROU","","ALL","1996","36676"
"MKD","","ALL","2000","426"
"BGR","","ALL","1986","9953"
"ITA","","ALL","1995","10864"
"NLD","","ALL","1996","2401"
"NOR","","ALL","2008","2776"
"BLR","","ALL","1996","13763"
"FIN","","ALL","1979","3670"
"MNE","","ALL","2013","35"
"ESP","","ALL","1998","7774"
"DEU","","ALL","1996","11496"
"GEO","","ALL","1999","869"
"FIN","","ALL","1984","3715"
"CZE","","ALL","1979","4005"
"ROU","","ALL","1993","41267"
"SWE","","ALL","1991","6152"
"BLR","","ALL","1998","14353"
"MLT","","ALL","1987","0"
"MNE","","ALL","2008","54"
"NLD","","ALL","1991","2211"
"ESP","","ALL","2010","12758"
"FIN","","ALL","1974","3665"
"UKR","","ALL","1997","64644"
"UZB","","ALL","1995","7337"
"ROU","","ALL","1990","51830"
"ROU","","ALL","2013","8275"
"ARM","","ALL","2002","544"
"NOR","","ALL","2001","2450"
"DEU","","ALL","2011","10913"
"ITA","","ALL","2009","9839"
"MKD","","ALL","1998","304"
"TJK","","ALL","2004","500"
"ARM","","ALL","2008","611"
"ESP","","ALL","2011","14597"
"ISL","","ALL","2012","155"
"GEO","","ALL","2012","1641"
"SVK","","ALL","1989","3928"
"KAZ","","ALL","2005","6348"
"CZE","","ALL","1976","4198"
"CZE","","ALL","1983","5756"
"ARM","","ALL","2003","654"
"CHE","","ALL","2011","1047"
"LTU","","ALL","2008","793"
"MLT","","ALL","2015","0"
"HUN","","ALL","1986","9525"
"DEU","","ALL","2010","11942"
"ESP","","ALL","1992","6230"
"FIN","","ALL","1976","3919"
"CZE","","ALL","2007","2390"
"CZE","","ALL","2005","2450"
"ESP","","ALL","1995","6957"
"UKR","","ALL","2009","10342"
"SVK","","ALL","1994","3238"
"MDA","","ALL","1998","2944"
"MDA","","ALL","1995","5239"
"HUN","","ALL","1985","9285"
"LTU","","ALL","2010","492"
"UKR","","ALL","1991","86146"
"UKR","","ALL","1998","48355"
"SVN","","ALL","2009","346"
"PRT","","ALL","2010","2397"
"LVA","","ALL","2013","377"
"LVA","","ALL","2007","1401"
"SVN","","ALL","1997","885"
"AZE","","ALL","1998","978"
"TKM","","ALL","2009","1027"
"","CIS","ALL","2006","180798"
"ROU","","ALL","1992","44223"
"LTU","","ALL","1998","1475"
"MKD","","ALL","1999","369"
"GRC","","ALL","2011","592"
"ARM","","ALL","2009","767"
"SWE","","ALL","1990","6791"
"BLR","","ALL","1995","13087"
"FIN","","ALL","2010","1991"
"FIN","","ALL","1977","3704"
"HUN","","ALL","2013","4591"
"GBR","","ALL","1995","31040"
"GBR","","ALL","1997","36475"
"MDA","","ALL","2000","2741"
"NOR","","ALL","1993","2602"
"CZE","","ALL","1972","6200"
"NLD","","ALL","2014","3646"
"NOR","","ALL","2005","2211"
"CZE","","ALL","2004","2447"
"ITA","","ALL","1996","11424"
"FRA","","ALL","2014","24516"
"MKD","","ALL","1986","1110"
"ITA","","ALL","1994","10716"
"PRT","","ALL","2008","2222"
"CZE","","ALL","1990","10064"
"DEU","","ALL","1995","14266"
"FRA","","ALL","2000","25533.04"
"FIN","","ALL","2013","1635"
"LVA","","ALL","1991","3094"
"HRV","","ALL","1991","1282"
"LVA","","ALL","2008","1160"
"UKR","","ALL","1999","41085"
"UKR","","ALL","2001","31336"
"RUS","","ALL","2012","48935"
"UKR","","ALL","1992","83917"
"","CARINFONET","ALL","2003","12916"
"SVN","","ALL","1999","873"
"TJK","","ALL","2015","860"
"AZE","","ALL","1991","886"
"LTU","","ALL","2011","493"
"","CIS","ALL","2011","79104"
"SVN","","ALL","1986","1414"
"LTU","","ALL","2009","630"
"SWE","","ALL","1992","5338"
"TJK","","ALL","2008","559"
"BLR","","ALL","1993","20493"
"GEO","","ALL","2002","798"
"ISR","","ALL","1996","2542"
"ARM","","ALL","2011","636"
"TJK","","ALL","2005","522"
"FIN","","ALL","1975","4143"
"ISL","","ALL","2010","183"
"","NORDIC","ALL","2000","12438"
"NLD","","ALL","1982","2918"
"ROU","","ALL","1985","7519"
"SWE","","ALL","2014","3900"
"NOR","","ALL","1998","2410"
"NLD","","ALL","2001","4180"
"HUN","","ALL","1993","13362"
"NLD","","ALL","2000","3863"
"CZE","","ALL","1988","9637"
"NOR","","ALL","2007","2575"
"NLD","","ALL","1999","3114"
"CZE","","ALL","2011","1941"
"PRT","","ALL","2009","2420"
"CZE","","ALL","1991","10708"
"UKR","","ALL","2006","17408"
"FIN","","ALL","2003","2408"
"TKM","","ALL","1997","1575"
"SVK","","ALL","2003","1379"
"SRB","","ALL","2007","983"
"SVN","","ALL","2000","826"
"UKR","","ALL","2000","35505"
"","CARINFONET","ALL","2008","10222"
"","CARINFONET","ALL","2006","10860"
"SVN","","ALL","2002","586"
"UZB","","ALL","1996","6307"
"SVN","","ALL","1989","1014"
"SVN","","ALL","1990","1238"
"","NORDIC","ALL","1996","11074"
"TKM","","ALL","2002","1389"
"MKD","","ALL","2012","236"
"TKM","","ALL","2004","1226"
"SVK","","ALL","2007","1024"
"LVA","","ALL","1994","2425"
"ISR","","ALL","2001","2511"
"DNK","","ALL","1984","3429"
"FIN","","ALL","1973","3519"
"GRC","","ALL","2003","577"
"DNK","","ALL","1982","3668"
"ITA","","ALL","1983","19243"
"HRV","","ALL","1990","1625"
"GBR","","ALL","1992","33679"
"GBR","","ALL","1994","31435"
"NOR","","ALL","1995","2000"
"NOR","","ALL","1994","2001"
"GBR","","ALL","1993","31842"
"BEL","","ALL","2001","2208"
"KAZ","","ALL","2008","5223"
"ITA","","ALL","1997","11223"
"NOR","","ALL","2003","2202"
"NOR","","ALL","2004","2171"
"HUN","","ALL","1990","12011"
"ESP","","ALL","1991","5441"
"CZE","","ALL","1987","9186"
"ESP","","ALL","1989","4368"
"LVA","","ALL","2011","518"
"BGR","","ALL","2002","4972"
"FIN","","ALL","2002","2594"
"FRA","","ALL","2013","25952"
"","CARINFONET","ALL","2004","11732"
"","CARINFONET","ALL","2001","14007"
"","NORDIC","ALL","1999","11516"
"UKR","","ALL","2002","28698"
"","CARINFONET","ALL","2005","11406"
"SRB","","ALL","2009","966"
"PRT","","ALL","2015","1776"
"","CIS","ALL","2012","66857"
"","CIS","ALL","2008","141126"
"MLT","","ALL","1984","0"
"TKM","","ALL","2010","1028"
"DNK","","ALL","1995","2305"
"BLR","","ALL","2004","6741"
"DNK","","ALL","2013","2206"
"RUS","","ALL","2015","27397"
"SWE","","ALL","2015","3653"
"ARM","","ALL","2010","627"
"DNK","","ALL","2006","2518"
"DNK","","ALL","1985","3118"
"POL","","ALL","2015","56"
"GEO","","ALL","2014","1048"
"NOR","","ALL","1996","2377"
"KGZ","","ALL","1994","3437"
"CZE","","ALL","1974","4887"
"TKM","","ALL","2001","1338"
"FIN","","ALL","1978","3731"
"BEL","","ALL","2002","2122"
"MDA","","ALL","1991","5800"
"RUS","","ALL","1998","226567"
"ITA","","ALL","2002","10604"
"ROU","","ALL","2015","6853"
"MLT","","ALL","2012","0"
"CZE","","ALL","2006","2315"
"ITA","","ALL","1988","12956"
"ARM","","ALL","2015","538"
"ITA","","ALL","1991","11527"
"ESP","","ALL","1996","7311"
"ITA","","ALL","2013","8183"
"HRV","","ALL","1986","2174"
"FRA","","ALL","1997","24247.25"
"LTU","","ALL","2006","896"
"LVA","","ALL","2006","1328"
"","CARINFONET","ALL","2000","15878"
"ISR","","ALL","2011","2269.5"
"","CARINFONET","ALL","2007","11017"
"SVN","","ALL","2001","696"
"","CIS","ALL","2009","116147"
"TJK","","ALL","2010","461"
"TJK","","ALL","2011","465"
"BGR","","ALL","2014","2540"
"ROU","","ALL","2011","10055"
"LVA","","ALL","1992","3308"
"","CIS","ALL","2007","192805"
"TJK","","ALL","2006","473"
"SVK","","ALL","1985","2226"
"ROU","","ALL","2008","14316"
"CZE","","ALL","2000","2944"
"SVK","","ALL","1986","2541"
"DEU","","ALL","2005","16412"
"RUS","","ALL","2008","111330"
"SWE","","ALL","2011","5828"
"ITA","","ALL","2010","9557"
"GRC","","ALL","2005","672"
"NLD","","ALL","2002","4418"
"GBR","","ALL","2010","41362"
"","NORDIC","ALL","1991","14102"
"MKD","","ALL","2001","414"
"MDA","","ALL","2013","1250"
"NOR","","ALL","1989","3415"
"CZE","","ALL","1978","3681"
"NOR","","ALL","2000","2596"
"NOR","","ALL","1999","2448"
"KAZ","","ALL","2010","3312"
"CZE","","ALL","1984","6429"
"BEL","","ALL","2004","2276"
"NOR","","ALL","2002","2225"
"ITA","","ALL","1993","11664"
"DEU","","ALL","2002","16709"
"UKR","","ALL","2007","14461"
"MLT","","ALL","2009","0"
"HUN","","ALL","2007","5293"
"FIN","","ALL","2012","1749"
"MNE","","ALL","1996","77"
"SVN","","ALL","1992","1122"
"SVN","","ALL","1998","864"
"","CARINFONET","ALL","1998","19585"
"SVK","","ALL","2013","621"
"PRT","","ALL","2014","1829"
"TJK","","ALL","2012","472"
"KAZ","","ALL","1991","28329"
"MLT","","ALL","1985","0"
"LVA","","ALL","1996","2563"
"LVA","","ALL","1999","1777"
"SVK","","ALL","2009","969"
"TKM","","ALL","2000","1640"
"GRC","","ALL","2010","656"
"","CIS","ALL","2005","188260"
"ISR","","ALL","2002","2431"
"GEO","","ALL","2001","858"
"CZE","","ALL","2012","1734"
"GBR","","ALL","1991","37640"
"MLT","","ALL","1989","0"
"HRV","","ALL","2015","226"
"ITA","","ALL","1984","18585"
"RUS","","ALL","2007","159882"
"SWE","","ALL","1983","5311"
"","NORDIC","ALL","2011","12501"
"RUS","","ALL","2005","147940"
"MDA","","ALL","1994","5521"
"RUS","","ALL","2000","194883"
"ISL","","ALL","1983","164"
"","NORDIC","ALL","2010","13352"
"ISL","","ALL","1984","175"
"CZE","","ALL","1986","6733"
"ITA","","ALL","2011","9230"
"ITA","","ALL","1987","13995"
"ITA","","ALL","1989","12630"
"CZE","","ALL","1989","9138"
"FIN","","ALL","1989","2481"
"UKR","","ALL","2005","19814"
"GEO","","ALL","1995","3503"
"FRA","","ALL","1998","25478.37"
"MNE","","ALL","2012","21"
"SVN","","ALL","2003","552"
"SVN","","ALL","1993","1077"
"SVN","","ALL","1991","1213"
"","NORDIC","ALL","1994","10814"
"TKM","","ALL","2005","1246"
"","CARINFONET","ALL","1995","37770"
"SWE","","ALL","1996","4362"
"TKM","","ALL","2008","1080"
"AZE","","ALL","2013","1147"
"DNK","","ALL","2012","2413"
"RUS","","ALL","2014","33538"
"FIN","","ALL","2015","1248"
"DEU","","ALL","2008","13775"
"GRC","","ALL","2012","648"
"DEU","","ALL","2015","8553"
"TKM","","ALL","2013","828"
"CZE","","ALL","1999","3539"
"DEU","","ALL","2014","8806"
"DNK","","ALL","1986","2979"
"SWE","","ALL","1984","5188"
"HRV","","ALL","1994","1020"
"","NORDIC","ALL","2009","14565"
"KGZ","","ALL","1995","2513"
"CZE","","ALL","2003","2580"
"NOR","","ALL","1991","2850"
"ISL","","ALL","1981","132"
"BEL","","ALL","1994","1384"
"TJK","","ALL","1996","1548"
"KGZ","","ALL","1993","4611"
"CZE","","ALL","2014","1506"
"BEL","","ALL","2003","2162"
"","NORDIC","ALL","2005","14038"
"BGR","","ALL","2015","2334"
"PRT","","ALL","2011","2358"
"ITA","","ALL","1990","11909"
"HRV","","ALL","1980","2610"
"ESP","","ALL","2000","9204"
"MLT","","ALL","2011","0"
"DEU","","ALL","1998","13317"
"SRB","","ALL","2002","1141"
"","CARINFONET","ALL","1999","16984"
"","CARINFONET","ALL","1996","33835"
"SVN","","ALL","1994","1060"
"SVN","","ALL","1995","996"
"MNE","","ALL","1992","235"
"","NORDIC","ALL","1995","10425"
"TKM","","ALL","2007","955"
"MLT","","ALL","1986","0"
"BLR","","ALL","2003","7621"
"BLR","","ALL","2002","8543"
"SWE","","ALL","2008","7561"
"SWE","","ALL","2007","7584"
"FRA","","ALL","2011","27076"
"CZE","","ALL","1998","4207"
"KAZ","","ALL","2013","2103"
"ISR","","ALL","2003","3032"
"DNK","","ALL","2007","2690"
"ISL","","ALL","1994","159"
"GRC","","ALL","2006","840"
"SRB","","ALL","2015","631"
"MLT","","ALL","1988","0"
"RUS","","ALL","2011","58394"
"TJK","","ALL","2000","903"
"","NORDIC","ALL","1993","11982"
"SWE","","ALL","1980","6163"
"GRC","","ALL","2000","689"
"DEU","","ALL","2009","12883"
"CZE","","ALL","1971","6480"
"GRC","","ALL","2001","697"
"NOR","","ALL","1997","2463"
"NOR","","ALL","1990","3097"
"","NORDIC","ALL","1990","15462"
"CZE","","ALL","1980","4474"
"BEL","","ALL","1996","1827"
"ESP","","ALL","1988","3429"
"ESP","","ALL","1990","4979"
"DEU","","ALL","2000","15504"
"BLR","","ALL","2015","1375"
"BGR","","ALL","2001","4662"
"SVK","","ALL","2001","1583"
"","CARINFONET","ALL","2002","12805"
"","CARINFONET","ALL","1997","24173"
"MNE","","ALL","1993","238"
"SVN","","ALL","1996","955"
"LVA","","ALL","2001","1485"
"ITA","","ALL","1982","19547"
"DNK","","ALL","1989","3156"
"TKM","","ALL","2016","522"
"LVA","","ALL","1997","2509"
"ARM","","ALL","2014","491"
"SVK","","ALL","2008","1049"
"LTU","","ALL","2005","828"
"AZE","","ALL","2012","1147"
"ISR","","ALL","2006","2874"
"ESP","","ALL","2015","10012"
"GRC","","ALL","1991","514"
"ISL","","ALL","1995","159"
"HRV","","ALL","2011","346"
"TJK","","ALL","2007","445"
"ESP","","ALL","2006","13894"
"ESP","","ALL","2008","14939"
"ITA","","ALL","1981","17978"
"GBR","","ALL","2011","37653"
"GRC","","ALL","2004","664"
"KAZ","","ALL","2003","6345"
"","NORDIC","ALL","1992","12882"
"","NORDIC","ALL","2006","14870"
"RUS","","ALL","2003","172971"
"","NORDIC","ALL","1989","16034"
"","NORDIC","ALL","2008","15511"
"KGZ","","ALL","1998","1927"
"","NORDIC","ALL","1997","11144"
"","NORDIC","ALL","1998","11365"
"MLT","","ALL","2013","0"
"ESP","","ALL","1987","2100"
"KGZ","","ALL","2012","1789"
"HUN","","ALL","1992","14141"
"ESP","","ALL","1994","6695"
"UKR","","ALL","2014","5815"
"GEO","","ALL","1998","1023"
"SRB","","ALL","2005","881"
"ISR","","ALL","2010","2602.31"
"MNE","","ALL","1994","116"
"LVA","","ALL","2003","1540"
"ISL","","ALL","2008","176"
"TJK","","ALL","2002","394"
"TKM","","ALL","2006","1033"
"LVA","","ALL","1995","2563"
"BGR","","ALL","2013","2590"
"NLD","","ALL","2013","3799"
"KAZ","","ALL","1997","13298"
"BLR","","ALL","2012","1810"
"CZE","","ALL","2001","2749"
"GRC","","ALL","2009","664"
"ISR","","ALL","1999","2592"
"HRV","","ALL","2010","347"
"ISR","","ALL","1998","2524"
"SRB","","ALL","2008","998"
"LVA","","ALL","2004","1508"
"DEU","","ALL","2007","14989"
"GBR","","ALL","2004","42362"
"RUS","","ALL","2009","90031"
"RUS","","ALL","2006","143816"
"KAZ","","ALL","2004","6518"
"SWE","","ALL","1986","5481"
"ARM","","ALL","2012","541"
"RUS","","ALL","2004","161170"
"NOR","","ALL","1992","2721"
"TJK","","ALL","1992","1897"
"CZE","","ALL","1970","6656"
"ISL","","ALL","1998","263"
"DNK","","ALL","2008","2914"
"SRB","","ALL","2006","1002"
"ITA","","ALL","2012","8617"
"BEL","","ALL","1997","1790"
"NOR","","ALL","2006","2408"
"KGZ","","ALL","2013","1697"
"DEU","","ALL","1997","12451"
"BEL","","ALL","2011","2662"
"MLT","","ALL","2010","0"
"ROU","","ALL","2006","17272"
"MNE","","ALL","1995","86"
"LVA","","ALL","2002","1526"
"GRC","","ALL","2002","664"
"ITA","","ALL","1980","16828"
"GRC","","ALL","1989","579"
"SRB","","ALL","2001","1104"
"SWE","","ALL","1989","6851"
"DNK","","ALL","1981","4041"
"SVK","","ALL","2015","564"
"GBR","","ALL","1987","42206"
"SVK","","ALL","1988","3974"
"ISR","","ALL","2005","2834"
"ISL","","ALL","1999","225"
"SVN","","ALL","2014","240"
"EST","","ALL","2015","444"
"LVA","","ALL","2005","1438"
"NOR","","ALL","2014","1522"
"SRB","","ALL","2010","951"
"ESP","","ALL","2007","15307"
"RUS","","ALL","2002","185290"
"GRC","","ALL","1997","366"
"BEL","","ALL","1995","1561"
"GRC","","ALL","2007","728"
"ISL","","ALL","2014","138"
"","NORDIC","ALL","2001","12751"
"CZE","","ALL","1975","4627"
"TJK","","ALL","2001","666"
"KGZ","","ALL","1992","4965"
"FRA","","ALL","2003","26600.44"
"KGZ","","ALL","1996","2452"
"RUS","","ALL","1997","239238"
"ISR","","ALL","2009","2671.13"
"BEL","","ALL","1999","2022"
"MDA","","ALL","2015","991"
"CHE","","ALL","2008","1115"
"MLT","","ALL","1994","0"
"ESP","","ALL","1993","6283"
"ISL","","ALL","1990","164"
"UKR","","ALL","2015","5143"
"MLT","","ALL","2003","0"
"ARM","","ALL","2013","709"
"TJK","","ALL","1997","1099"
"SVK","","ALL","2000","1711"
"LTU","","ALL","2007","870"
"GEO","","ALL","2005","1412"
"HUN","","ALL","2014","4406"
"LVA","","ALL","2000","1602"
"TKM","","ALL","2011","1250"
"CHE","","ALL","2013","870"
"SVK","","ALL","2010","864"
"FRA","","ALL","2005","29795.38"
"FIN","","ALL","1993","1712"
"","CIS","ALL","2004","205309"
"FRA","","ALL","2002","26524.48"
"GEO","","ALL","1997","1325"
"ESP","","ALL","2002","10659"
"HUN","","ALL","2012","4525"
"EST","","ALL","2014","453"
"RUS","","ALL","1999","200975"
"ESP","","ALL","2004","12046"
"TJK","","ALL","1995","1506"
"ESP","","ALL","2005","12883"
"NLD","","ALL","2010","3863"
"DNK","","ALL","1987","2845"
"RUS","","ALL","2010","71547"
"TJK","","ALL","1999","866"
"KGZ","","ALL","1997","2833"
"SWE","","ALL","2010","6389"
"KGZ","","ALL","1999","1692"
"GEO","","ALL","1996","1483"
"DNK","","ALL","2009","2830"
"SRB","","ALL","2004","1061"
"SRB","","ALL","2003","1060"
"BEL","","ALL","1998","1839"
"","NORDIC","ALL","2014","9005"
"KAZ","","ALL","2011","2837"
"ISL","","ALL","1987","156"
"CZE","","ALL","1995","5251"
"ISL","","ALL","1989","131"
"MLT","","ALL","2002","0"
"GRC","","ALL","2008","704"
"DEU","","ALL","2003","16625"
"GEO","","ALL","2008","1365"
"ROU","","ALL","2014","7831"
"GRC","","ALL","1982","567"
"ISL","","ALL","2006","173"
"SVK","","ALL","2012","665"
"MNE","","ALL","2014","44"
"KAZ","","ALL","1996","21677"
"KAZ","","ALL","1995","24196"
"FIN","","ALL","2014","1394"
"GBR","","ALL","1986","41129"
"DEU","","ALL","2004","17516"
"LTU","","ALL","2012","463"
"GEO","","ALL","2009","1710"
"","NORDIC","ALL","2013","10180"
"DNK","","ALL","2010","2580"
"SVK","","ALL","1998","1868"
"KAZ","","ALL","1998","10875"
"TJK","","ALL","1998","796"
"GRC","","ALL","1998","362"
"SWE","","ALL","1975","7747"
"ESP","","ALL","2003","10957"
"GBR","","ALL","2013","31291"
"","NORDIC","ALL","2004","13812"
"","NORDIC","ALL","2002","13441"
"FRA","","ALL","2008","29622.92"
"RUS","","ALL","2001","190264"
"ISL","","ALL","1986","142"
"HUN","","ALL","2005","5783"
"ISL","","ALL","2000","265"
"ISR","","ALL","1997","2538"
"FRA","","ALL","2010","29681"
"KAZ","","ALL","1993","21074"
"BEL","","ALL","2000","2082"
"MLT","","ALL","1992","0"
"MLT","","ALL","1995","0"
"ISL","","ALL","1988","143"
"RUS","","ALL","1991","355246"
"SWE","","ALL","1981","6009"
"MLT","","ALL","1993","0"
"CZE","","ALL","2002","2716"
"GBR","","ALL","1982","38367"
"UZB","","ALL","2010","1895"
"SVK","","ALL","1999","1718"
"SWE","","ALL","2000","5218"
"ISL","","ALL","2003","194"
"SRB","","ALL","2000","1251"
"SVK","","ALL","1987","3838"
"HRV","","ALL","2014","218"
"GBR","","ALL","1988","44903"
"FRA","","ALL","2006","31093.01"
"ITA","","ALL","1999","11422"
"KAZ","","ALL","2015","1096"
"BEL","","ALL","1993","1285"
"ISL","","ALL","1985","159"
"TKM","","ALL","2014","802"
"","CIS","ALL","1997","347341"
"SVK","","ALL","2002","1512"
"ISR","","ALL","2008","2807"
"SWE","","ALL","1985","5142"
"GRC","","ALL","1994","482"
"GBR","","ALL","2012","33895"
"DNK","","ALL","1983","3536"
"TJK","","ALL","2003","622"
"KAZ","","ALL","1990","28084"
"GBR","","ALL","2008","46187"
"MLT","","ALL","1991","0"
"","CIS","ALL","2000","261021"
"RUS","","ALL","1993","325583"
"DNK","","ALL","2003","2087"
"SWE","","ALL","2001","5664"
"ISL","","ALL","2013","144"
"SVK","","ALL","2011","815"
"","NORDIC","ALL","2007","15223"
"CZE","","ALL","1977","3835"
"CHE","","ALL","2010","1050"
"CHE","","ALL","2009","1145"
"","NORDIC","ALL","2003","13481"
"CHE","","ALL","2014","822"
"SVK","","ALL","1990","4157"
"GRC","","ALL","1992","545"
"","CIS","ALL","1999","276302"
"UKR","","ALL","2012","5571"
"FRA","","ALL","1996","23726.02"
"UZB","","ALL","2011","1704"
"ISL","","ALL","2007","207"
"KAZ","","ALL","2002","6979"
"LVA","","ALL","1998","2017"
"ISR","","ALL","2000","2825"
"FRA","","ALL","2004","28925.6"
"KGZ","","ALL","2002","1398"
"CZE","","ALL","2013","1734"
"TJK","","ALL","1994","1415"
"FRA","","ALL","2007","30499.06"
"BEL","","ALL","2007","2708"
"MLT","","ALL","2000","0"
"SVK","","ALL","1984","2246"
"ARM","","ALL","1997","836"
"KAZ","","ALL","1999","9177"
"ISL","","ALL","1997","215"
"TJK","","ALL","1991","1402"
"SWE","","ALL","1982","5759"
"GRC","","ALL","1999","488"
"POL","","ALL","2013","15"
"DNK","","ALL","1988","2979"
"CHE","","ALL","2007","1165"
"KGZ","","ALL","2000","1664"
"ESP","","ALL","2001","9918"
"TKM","","ALL","2015","798"
"FIN","","ALL","1990","2310"
"AND","","ALL","1995","10"
"GRC","","ALL","1983","460"
"KAZ","","ALL","2001","7870"
"SVK","","ALL","2006","1077"
"KAZ","","ALL","1994","18240"
"KGZ","","ALL","2004","1189"
"RUS","","ALL","1995","282735"
"MLT","","ALL","1990","0"
"RUS","","ALL","2013","52193"
"DNK","","ALL","2011","2448"
"GRC","","ALL","1993","512"
"ALB","","ALL","2008","270"
"ISL","","ALL","1993","164"
"DNK","","ALL","2005","2383"
"LTU","","ALL","2003","875"
"SWE","","ALL","2003","6590"
"ISL","","ALL","2009","140"
"ISL","","ALL","2002","204"
"FIN","","ALL","2007","2167"
"KGZ","","ALL","2003","1719"
"GBR","","ALL","1989","42974"
"GRC","","ALL","1990","494"
"UZB","","ALL","2008","2155"
"FIN","","ALL","1991","2020"
"SWE","","ALL","2009","7007"
"BEL","","ALL","2005","2385"
"HRV","","ALL","1988","1919"
"RUS","","ALL","1994","308884"
"ROU","","ALL","2007","15547"
"SVK","","ALL","1997","1890"
"KAZ","","ALL","1992","23672"
"RUS","","ALL","1996","253282"
"UZB","","ALL","2012","1406"
"","CIS","ALL","2014","50363"
"FRA","","ALL","2009","29013.6"
"HRV","","ALL","2013","221"
"MKD","","ALL","2016","161"
"GEO","","ALL","2007","1045"
"GBR","","ALL","1983","38431"
"NOR","","ALL","2012","1800"
"HUN","","ALL","2006","5500"
"NOR","","ALL","2013","1601"
"GEO","","ALL","2003","682"
"ARM","","ALL","1998","717"
"ISR","","ALL","2007","2846"
"SWE","","ALL","1988","6659"
"ISL","","ALL","2011","176"
"LTU","","ALL","2013","403"
"KGZ","","ALL","2009","1468"
"DEU","","ALL","2006","15751"
"BGR","","ALL","2010","3058"
"HUN","","ALL","2000","7323"
"BEL","","ALL","2010","2602"
"GBR","","ALL","1980","38650"
"DNK","","ALL","2004","2295"
"SVN","","ALL","1980","1723"
"KAZ","","ALL","2000","8482"
"ISL","","ALL","1991","136"
"FRA","","ALL","2012","27072"
"ISR","","ALL","2004","2992"
"ISL","","ALL","1992","148"
"SVN","","ALL","1982","1696"
"HUN","","ALL","2004","6181"
"KGZ","","ALL","2014","1974"
"MDA","","ALL","2011","1777"
"MKD","","ALL","2014","217"
"BEL","","ALL","2008","2693"
"NOR","","ALL","2015","1311"
"ISL","","ALL","2001","223"
"SWE","","ALL","2004","6681"
"LTU","","ALL","2004","908"
"FRA","","ALL","2001","26639.76"
"ISL","","ALL","2004","208"
"KAZ","","ALL","2014","1585"
"LVA","","ALL","2014","294"
"GBR","","ALL","1990","42301"
"","CIS","ALL","1998","313499"
"HUN","","ALL","2001","6562"
"SVN","","ALL","2013","268"
"CZE","","ALL","1997","4302"
"BLR","","ALL","2014","1611"
"HRV","","ALL","1989","1924"
"ISR","","ALL","1995","2233"
"ISL","","ALL","2005","166"
"FIN","","ALL","2011","2053"
"","CIS","ALL","2003","223111"
"GEO","","ALL","2004","1500"
"","CIS","ALL","2001","248315"
"POL","","ALL","2012","23"
"NLD","","ALL","2012","3569"
"GBR","","ALL","1985","41611"
"HUN","","ALL","2002","6492"
"","NORDIC","ALL","2012","11404"
"BGR","","ALL","2003","4845"
"SVK","","ALL","1983","2180"
"SVN","","ALL","2012","279"
"SVN","","ALL","1984","1607"
"UKR","","ALL","2013","4935"
"SWE","","ALL","2002","6503"
"POL","","ALL","2014","44"
"GRC","","ALL","1981","566"
"SVK","","ALL","1980","1944"
"SWE","","ALL","2012","5287"
"UZB","","ALL","2009","1980"
"BGR","","ALL","2004","4280"
"","CARINFONET","ALL","2010","8121"
"MLT","","ALL","1998","0"
"MLT","","ALL","1997","0"
"SMR","","ALL","2015","0"
"GEO","","ALL","2006","1382"
"SVN","","ALL","1985","1434"
"LVA","","ALL","2012","476"
"GRC","","ALL","1988","531"
"HRV","","ALL","1987","2253"
"","CIS","ALL","2002","238494"
"MLT","","ALL","2004","0"
"KGZ","","ALL","2015","1443"
"ISR","","ALL","2013","1950"
"SWE","","ALL","2006","7532"
"GRC","","ALL","1986","480"
"GBR","","ALL","1981","38177"
"BGR","","ALL","2007","3712"
"HUN","","ALL","2003","6328"
"KGZ","","ALL","2010","1425"
"UKR","","ALL","2011","7142"
"ESP","","ALL","2013","12771"
"SVK","","ALL","1982","2074"
"MLT","","ALL","2007","0"
"RUS","","ALL","1992","329896"
"ISR","","ALL","2012","2325"
"MLT","","ALL","2008","0"
"GRC","","ALL","1984","463"
"BGR","","ALL","2011","3269"
"BEL","","ALL","2006","2614"
"MLT","","ALL","1999","0"
"MLT","","ALL","2005","0"
"MLT","","ALL","2006","0"
"HUN","","ALL","1998","9579"
"ISL","","ALL","1996","187"
"GRC","","ALL","1985","483"
"CZE","","ALL","1996","5037"
"KGZ","","ALL","2008","1205"
"KGZ","","ALL","2006","1114"
"MLT","","ALL","2001","0"
"CHE","","ALL","2015","736"
"GBR","","ALL","1984","41020"
"GRC","","ALL","1987","536"
"BEL","","ALL","2009","2674"
"KGZ","","ALL","2007","1280"
"KGZ","","ALL","2011","1445"
"","CARINFONET","ALL","2011","7701"
"GRC","","ALL","1980","406"
"KGZ","","ALL","2005","1162"
"DEU","","ALL","2012","10489"
"SVK","","ALL","1981","1930"
"MKD","","ALL","2013","237"
"SWE","","ALL","2005","6941"
"MCO","","ALL","1995","0"
"","CARINFONET","ALL","2012","7461"

"Last update","2018.01.31 07:31:55 GMT"
"Description","Number of abortions, age under 20 years"
"Reference link","https://dw.euro.who.int/api/v3/measures/HFA_589?lang=En"

"Copyright"
"© WHO Regional Office for Europe 2018. All rights reserved.","http://www.euro.who.int/en/home/copyright-notice"
